Link Name,Center of Mass X,Center of Mass Y,Center of Mass Z,Center of Mass Roll,Center of Mass Pitch,Center of Mass Yaw,Mass,Moment Ixx,Moment Ixy,Moment Ixz,Moment Iyy,Moment Iyz,Moment Izz,Visual X,Visual Y,Visual Z,Visual Roll,Visual Pitch,Visual Yaw,Mesh Filename,Color Red,Color Green,Color Blue,Color Alpha,Collision X,Collision Y,Collision Z,Collision Roll,Collision Pitch,Collision Yaw,Collision Mesh Filename,Material Name,SW Components,Coordinate System,Axis Name,Joint Name,Joint Type,Joint Origin X,Joint Origin Y,Joint Origin Z,Joint Origin Roll,Joint Origin Pitch,Joint Origin Yaw,Parent,Joint Axis X,Joint Axis Y,Joint Axis Z,Limit Effort,Limit Velocity,Limit Lower,Limit Upper,Calibration rising,Calibration falling,Dynamics Damping,Dynamics Friction,Safety Soft Upper,Safety Soft Lower,Safety K Position,Safety K Velocity
base_link,-1.88965214434326E-05,0.0211283085658793,2.88501980018766E-05,0,0,0,0.65713178608687,0.00126176729018005,2.52839018847434E-08,-3.62884926508966E-07,0.00249239605965953,-3.06356495865232E-08,0.00125428302491633,0,0,0,0,0,0,package://arm_all/meshes/base_link.STL,0.847058823529412,0.847058823529412,0.847058823529412,1,0,0,0,0,0,0,package://arm_all/meshes/base_link.STL,,风暴机械臂云台-1/风暴底座-2;风暴机械臂云台-1/云台垫板-1;风暴机械臂云台-1/风暴3MM下层垫高板-1;风暴机械臂云台-1/风暴云台轴承挡板-1;风暴机械臂云台-1/风暴薄壁轴承-1;风暴机械臂云台-1/风暴go-m8010-6电机3d模型-1;风暴机械臂云台-1/风暴电机传动板2-1,Origin_global,,,,0,0,0,0,0,0,,0,0,0,,,,,,,,,,,,
link1,-6.50420272596414E-06,-0.0220639376985768,-0.00046997962461109,0,0,0,0.333784886280084,0.000351722248401474,1.36600184498728E-12,-1.33484971668896E-10,0.000499503930329465,-1.63022774448878E-08,0.000289258919735572,0,0,0,0,0,0,package://arm_all/meshes/link1.STL,0.847058823529412,0.847058823529412,0.847058823529412,1,0,0,0,0,0,0,package://arm_all/meshes/link1.STL,,风暴机械臂云台-1/风暴电机传动板-1;风暴机械臂云台-1/六面螺母-3;风暴机械臂云台-1/六面螺母-2;风暴机械臂云台-1/风暴j1电机固定板-1;风暴机械臂云台-1/M6铝柱-2;风暴机械臂云台-1/风暴j1轴承座-1;风暴机械臂云台-1/J60-10减速总装-1/风暴J60-10-1;风暴机械臂云台-1/J60-10减速总装-1/外壳-1;风暴机械臂云台-1/J60-10减速总装-1/40×50×6轴承-1;风暴机械臂云台-1/风暴j1电机固定板2-1;风暴机械臂云台-1/六面螺母-1;风暴机械臂云台-1/M6铝柱-1;风暴机械臂云台-1/六面螺母-4;风暴机械臂云台-1/风暴j1电机连接1-1;风暴机械臂云台-1/J60-10减速总装-1/外齿-2;风暴机械臂云台-1/J60-10减速总装-1/顶壳-1;风暴机械臂云台-1/直径15光轴带螺纹-1,Origin_joint1,,joint1,fixed,0,0,0.0413,-1.5708,0,-1.6235,base_link,0,0,0,,,,,,,,,,,,
link2,0.134772098555545,0.226393581441748,0.00612814215173783,0,0,0,0.827122048748664,0.00408491785355023,-0.00229408604342064,-1.21881927334501E-10,0.00160055805144718,-1.67553014233216E-08,0.00555583774732216,0,0,0,0,0,0,package://arm_all/meshes/link2.STL,0.752941176470588,0.752941176470588,0.752941176470588,1,0,0,0,0,0,0,package://arm_all/meshes/link2.STL,,Copy of 臂一^风暴总装-1,Origin_joint2,Axis_joint2,joint2,continuous,0,-0.0449999999999999,0,3.14159265358979,0,0.0776243284743282,link1,0,0,1,,,,,,,,,,,,
link3,0.14609262858064,0.0573447220053238,-1.32103128163748E-05,0,0,0,0.322775937743134,0.000125581010505456,-0.000175503683436308,-1.0080412736428E-11,0.00102950672738152,6.86215120964268E-11,0.00111046718193839,0,0,0,0,0,0,package://arm_all/meshes/link3.STL,0.752941176470588,0.752941176470588,0.752941176470588,1,0,0,0,0,0,0,package://arm_all/meshes/link3.STL,,Copy of 臂二^风暴总装-1,Origin_joint3,Axis_joint3,joint3,continuous,0.234710656582035,0.393966153099294,0,0,0,-0.0458697032339479,link2,0,0,1,,,,,,,,,,,,
link4,-0.0483821633151282,-0.0245616027376705,1.07514025356192E-05,0,0,0,0.377132174594097,0.000259104564788337,-3.47286921823512E-05,-6.33132149766361E-09,0.000192115538025694,2.31982726278168E-07,0.000221724975669375,0,0,0,0,0,0,package://arm_all/meshes/link4.STL,0.647058823529412,0.619607843137255,0.588235294117647,1,0,0,0,0,0,0,package://arm_all/meshes/link4.STL,,Copy of 末端执行器^风暴总装-1/风暴10mD形轴-1;Copy of 末端执行器^风暴总装-1/风暴末端执行器固定侧板-1;Copy of 末端执行器^风暴总装-1/风暴内10外15法兰轴承-1;Copy of 末端执行器^风暴总装-1/风暴10m法兰盘-1;Copy of 末端执行器^风暴总装-1/风暴M10垫片-1;Copy of 末端执行器^风暴总装-1/风暴末端执行器吸盘固定侧板-2;Copy of 末端执行器^风暴总装-1/风暴扁体10-10-6-7;Copy of 末端执行器^风暴总装-1/风暴10m法兰盘-2;Copy of 末端执行器^风暴总装-1/风暴末端执行器吸盘固定侧板-1;Copy of 末端执行器^风暴总装-1/风暴末端执行器吸盘固定板-1;Copy of 末端执行器^风暴总装-1/风暴ZPT80HBN-A16-1/风暴ZPA-T2-B01_1-1;Copy of 末端执行器^风暴总装-1/风暴ZPT80HBN-A16-1/风暴ZPA-T2_NUT_1-1;Copy of 末端执行器^风暴总装-1/风暴ZPT80HBN-A16-1/风暴ZPA-T2_NUT_1-2;Copy of 末端执行器^风暴总装-1/风暴ZPT80HBN-A16-1/风暴ZP80HBN_BODY_1-1;Copy of 末端执行器^风暴总装-1/风暴扁体10-10-6-6;Copy of 末端执行器^风暴总装-1/风暴扁体10-10-6-4;Copy of 末端执行器^风暴总装-1/风暴扁体10-10-6-5;Copy of 末端执行器^风暴总装-1/风暴末端执行器固定侧板2-1;Copy of 末端执行器^风暴总装-1/风暴扁体10-10-6-10;Copy of 末端执行器^风暴总装-1/风暴扁体10-10-6-8;Copy of 末端执行器^风暴总装-1/风暴2指电动-带硅胶-FAE2MR86M-1/风暴夹爪框架（CNC）-1;Copy of 末端执行器^风暴总装-1/风暴六面螺母-4;Copy of 末端执行器^风暴总装-1/风暴夹爪支撑板-1;Copy of 末端执行器^风暴总装-1/风暴六面螺母-1;Copy of 末端执行器^风暴总装-1/风暴六面螺母-2;Copy of 末端执行器^风暴总装-1/风暴六面螺母-3,Origin_joint4,Axis_joint4,joint4,continuous,0.399188356386981,0.112595227473441,0,0,0,1.80974775191367,link3,0,0,1,,,,,,,,,,,,
left_end,0.165934470985643,0.0326110187543487,-0.0559999994890883,0,0,0,0.0230133687347436,1.91581568607213E-06,1.58592840958828E-07,-4.59298269044332E-13,1.08150257266556E-05,-6.52852556405479E-14,1.18994762991137E-05,0,0,0,0,0,0,package://arm_all/meshes/left_end.STL,0.847058823529412,0.847058823529412,0.847058823529412,1,0,0,0,0,0,0,package://arm_all/meshes/left_end.STL,,Copy of 末端执行器^风暴总装-1/风暴2指电动-带硅胶-FAE2MR86M-1/风暴夹爪固定板-4;Copy of 末端执行器^风暴总装-1/风暴2指电动-带硅胶-FAE2MR86M-1/风暴夹爪固定板-5;Copy of 末端执行器^风暴总装-1/风暴2指电动-带硅胶-FAE2MR86M-1/风暴柔性夹爪-1,Origin_joint5,基准轴7,joint5,continuous,0,0,-0.0066881981068947,-1.5707963267949,-0.0524449607991221,-1.54351099917729,link4,0,0,1,,,,,,,,,,,,
right_end,0.149189877500569,-0.0829023910248987,0.0559999993539835,0,0,0,0.0230133523586075,1.91581658865105E-06,1.58594185971336E-07,4.13809191819123E-13,1.08149990275717E-05,1.72820988049209E-13,1.18994508373215E-05,0,0,0,0,0,0,package://arm_all/meshes/right_end.STL,0.847058823529412,0.847058823529412,0.847058823529412,1,0,0,0,0,0,0,package://arm_all/meshes/right_end.STL,,Copy of 末端执行器^风暴总装-1/风暴2指电动-带硅胶-FAE2MR86M-1/风暴夹爪固定板-3;Copy of 末端执行器^风暴总装-1/风暴2指电动-带硅胶-FAE2MR86M-1/风暴夹爪固定板-6;Copy of 末端执行器^风暴总装-1/风暴2指电动-带硅胶-FAE2MR86M-1/风暴柔性夹爪-2,Origin_joint6,基准轴8,joint6,continuous,0,0,0.01744,1.5708,-0.7251,-1.5435,link4,0,0,-1,,,,,,,,,,,,
